﻿pos_x,pos_y,rotation,side,designator,mpn,pack,footprint,value,mount_type
-168.63,27.75,0.0,top,D1,,,D_SOD-123,D,smt
-168.63,-2.4,0.0,top,D10,,,D_SOD-123,D,smt
-168.63,-5.75,0.0,top,D11,,,D_SOD-123,D,smt
-168.63,-9.1,0.0,top,D12,,,D_SOD-123,D,smt
-162.835,27.75,0.0,top,D13,,,D_SOD-123,D,smt
-162.835,24.4,0.0,top,D14,,,D_SOD-123,D,smt
-162.835,21.05,0.0,top,D15,,,D_SOD-123,D,smt
-162.835,17.7,0.0,top,D16,,,D_SOD-123,D,smt
-162.835,14.35,0.0,top,D17,,,D_SOD-123,D,smt
-162.835,11.0,0.0,top,D18,,,D_SOD-123,D,smt
-162.835,7.65,0.0,top,D19,,,D_SOD-123,D,smt
-168.63,24.4,0.0,top,D2,,,D_SOD-123,D,smt
-162.835,4.3,0.0,top,D20,,,D_SOD-123,D,smt
-162.835,0.95,0.0,top,D21,,,D_SOD-123,D,smt
-162.835,-2.4,0.0,top,D22,,,D_SOD-123,D,smt
-162.835,-5.75,0.0,top,D23,,,D_SOD-123,D,smt
-162.835,-9.1,0.0,top,D24,,,D_SOD-123,D,smt
-157.04,27.75,0.0,top,D25,,,D_SOD-123,D,smt
-157.04,24.4,0.0,top,D26,,,D_SOD-123,D,smt
-157.04,21.05,0.0,top,D27,,,D_SOD-123,D,smt
-157.04,17.7,0.0,top,D28,,,D_SOD-123,D,smt
-157.04,14.35,0.0,top,D29,,,D_SOD-123,D,smt
-168.63,21.05,0.0,top,D3,,,D_SOD-123,D,smt
-157.04,11.0,0.0,top,D30,,,D_SOD-123,D,smt
-157.04,7.65,0.0,top,D31,,,D_SOD-123,D,smt
-157.04,4.3,0.0,top,D32,,,D_SOD-123,D,smt
-157.04,0.95,0.0,top,D33,,,D_SOD-123,D,smt
-157.04,-2.4,0.0,top,D34,,,D_SOD-123,D,smt
-157.04,-5.75,0.0,top,D35,,,D_SOD-123,D,smt
-157.04,-9.1,0.0,top,D36,,,D_SOD-123,D,smt
-151.245,27.75,0.0,top,D37,,,D_SOD-123,D,smt
-151.245,24.4,0.0,top,D38,,,D_SOD-123,D,smt
-151.245,21.05,0.0,top,D39,,,D_SOD-123,D,smt
-168.63,17.7,0.0,top,D4,,,D_SOD-123,D,smt
-151.245,17.7,0.0,top,D40,,,D_SOD-123,D,smt
-151.245,14.35,0.0,top,D41,,,D_SOD-123,D,smt
-151.245,11.0,0.0,top,D42,,,D_SOD-123,D,smt
-151.245,7.65,0.0,top,D43,,,D_SOD-123,D,smt
-151.245,4.3,0.0,top,D44,,,D_SOD-123,D,smt
-151.245,0.95,0.0,top,D45,,,D_SOD-123,D,smt
-151.245,-2.4,0.0,top,D46,,,D_SOD-123,D,smt
-151.245,-5.75,0.0,top,D47,,,D_SOD-123,D,smt
-151.245,-9.1,0.0,top,D48,,,D_SOD-123,D,smt
-145.45,27.75,0.0,top,D49,,,D_SOD-123,D,smt
-168.63,14.35,0.0,top,D5,,,D_SOD-123,D,smt
-145.45,24.4,0.0,top,D50,,,D_SOD-123,D,smt
-145.45,21.05,0.0,top,D51,,,D_SOD-123,D,smt
-145.45,17.7,0.0,top,D52,,,D_SOD-123,D,smt
-145.45,14.35,0.0,top,D53,,,D_SOD-123,D,smt
-145.45,11.0,0.0,top,D54,,,D_SOD-123,D,smt
-145.45,7.65,0.0,top,D55,,,D_SOD-123,D,smt
-145.45,4.3,0.0,top,D56,,,D_SOD-123,D,smt
-145.45,0.95,0.0,top,D57,,,D_SOD-123,D,smt
-145.45,-2.4,0.0,top,D58,,,D_SOD-123,D,smt
-145.45,-5.75,0.0,top,D59,,,D_SOD-123,D,smt
-168.63,11.0,0.0,top,D6,,,D_SOD-123,D,smt
-145.45,-9.1,0.0,top,D60,,,D_SOD-123,D,smt
-139.655,27.75,0.0,top,D61,,,D_SOD-123,D,smt
-139.655,24.4,0.0,top,D62,,,D_SOD-123,D,smt
-139.655,21.05,0.0,top,D63,,,D_SOD-123,D,smt
-139.655,17.7,0.0,top,D64,,,D_SOD-123,D,smt
-139.655,14.35,0.0,top,D65,,,D_SOD-123,D,smt
-139.655,11.0,0.0,top,D66,,,D_SOD-123,D,smt
-139.655,7.65,0.0,top,D67,,,D_SOD-123,D,smt
-139.655,4.3,0.0,top,D68,,,D_SOD-123,D,smt
-168.63,7.65,0.0,top,D7,,,D_SOD-123,D,smt
-168.63,4.3,0.0,top,D8,,,D_SOD-123,D,smt
-168.63,0.95,0.0,top,D9,,,D_SOD-123,D,smt
-102.275,80.335,0.0,top,J1,,None,JST_S2B-PH-K-S_LF__SN_,S2B-PH-K-S_LF__SN_,tht
-283.660176,82.78,0.0,top,MX1,,,SW_MX_HS_CPG151101S11_1u,MX_SW_HS,smt
-283.660176,-52.67,0.0,top,MX10,,,SW_MX_HS_CPG151101S11_1u,MX_SW_HS,smt
-266.510176,82.78,0.0,top,MX11,,,SW_MX_HS_CPG151101S11_1u,MX_SW_HS,smt
-266.510176,67.73,0.0,top,MX12,,,SW_MX_HS_CPG151101S11_1u,MX_SW_HS,smt
-266.510176,52.68,0.0,top,MX13,,,SW_MX_HS_CPG151101S11_1u,MX_SW_HS,smt
-266.510176,37.63,0.0,top,MX14,,,SW_MX_HS_CPG151101S11_1u,MX_SW_HS,smt
-266.510176,22.58,0.0,top,MX15,,,SW_MX_HS_CPG151101S11_1u,MX_SW_HS,smt
-266.510176,7.53,0.0,top,MX16,,,SW_MX_HS_CPG151101S11_1u,MX_SW_HS,smt
-266.510176,-7.52,0.0,top,MX17,,,SW_MX_HS_CPG151101S11_1u,MX_SW_HS,smt
-266.510176,-22.57,0.0,top,MX18,,,SW_MX_HS_CPG151101S11_1u,MX_SW_HS,smt
-266.510176,-37.62,0.0,top,MX19,,,SW_MX_HS_CPG151101S11_1u,MX_SW_HS,smt
-283.660176,67.73,0.0,top,MX2,,,SW_MX_HS_CPG151101S11_1u,MX_SW_HS,smt
-266.510176,-52.67,0.0,top,MX20,,,SW_MX_HS_CPG151101S11_1u,MX_SW_HS,smt
-249.360176,82.78,0.0,top,MX21,,,SW_MX_HS_CPG151101S11_1u,MX_SW_HS,smt
-249.360176,67.73,0.0,top,MX22,,,SW_MX_HS_CPG151101S11_1u,MX_SW_HS,smt
-249.360176,52.68,0.0,top,MX23,,,SW_MX_HS_CPG151101S11_1u,MX_SW_HS,smt
-249.360176,37.63,0.0,top,MX24,,,SW_MX_HS_CPG151101S11_1u,MX_SW_HS,smt
-249.360176,22.58,0.0,top,MX25,,,SW_MX_HS_CPG151101S11_1u,MX_SW_HS,smt
-249.360176,7.53,0.0,top,MX26,,,SW_MX_HS_CPG151101S11_1u,MX_SW_HS,smt
-249.360176,-7.52,0.0,top,MX27,,,SW_MX_HS_CPG151101S11_1u,MX_SW_HS,smt
-249.360176,-22.57,0.0,top,MX28,,,SW_MX_HS_CPG151101S11_1u,MX_SW_HS,smt
-249.360176,-37.62,0.0,top,MX29,,,SW_MX_HS_CPG151101S11_1u,MX_SW_HS,smt
-283.660176,52.68,0.0,top,MX3,,,SW_MX_HS_CPG151101S11_1u,MX_SW_HS,smt
-249.360176,-52.67,0.0,top,MX30,,,SW_MX_HS_CPG151101S11_1u,MX_SW_HS,smt
-232.210176,82.78,0.0,top,MX31,,,SW_MX_HS_CPG151101S11_1u,MX_SW_HS,smt
-232.210176,67.73,0.0,top,MX32,,,SW_MX_HS_CPG151101S11_1u,MX_SW_HS,smt
-232.210176,52.68,0.0,top,MX33,,,SW_MX_HS_CPG151101S11_1u,MX_SW_HS,smt
-232.210176,37.63,0.0,top,MX34,,,SW_MX_HS_CPG151101S11_1u,MX_SW_HS,smt
-232.210176,22.58,0.0,top,MX35,,,SW_MX_HS_CPG151101S11_1u,MX_SW_HS,smt
-232.210176,7.53,0.0,top,MX36,,,SW_MX_HS_CPG151101S11_1u,MX_SW_HS,smt
-232.210176,-7.52,0.0,top,MX37,,,SW_MX_HS_CPG151101S11_1u,MX_SW_HS,smt
-232.210176,-22.57,0.0,top,MX38,,,SW_MX_HS_CPG151101S11_1u,MX_SW_HS,smt
-232.210176,-37.62,0.0,top,MX39,,,SW_MX_HS_CPG151101S11_1u,MX_SW_HS,smt
-283.660176,37.63,0.0,top,MX4,,,SW_MX_HS_CPG151101S11_1u,MX_SW_HS,smt
-232.210176,-52.67,0.0,top,MX40,,,SW_MX_HS_CPG151101S11_1u,MX_SW_HS,smt
-215.060176,82.78,0.0,top,MX41,,,SW_MX_HS_CPG151101S11_1u,MX_SW_HS,smt
-215.060176,67.73,0.0,top,MX42,,,SW_MX_HS_CPG151101S11_1u,MX_SW_HS,smt
-215.060176,52.68,0.0,top,MX43,,,SW_MX_HS_CPG151101S11_1u,MX_SW_HS,smt
-215.060176,37.63,0.0,top,MX44,,,SW_MX_HS_CPG151101S11_1u,MX_SW_HS,smt
-215.060176,22.58,0.0,top,MX45,,,SW_MX_HS_CPG151101S11_1u,MX_SW_HS,smt
-215.060176,7.53,0.0,top,MX46,,,SW_MX_HS_CPG151101S11_1u,MX_SW_HS,smt
-215.060176,-7.52,0.0,top,MX47,,,SW_MX_HS_CPG151101S11_1u,MX_SW_HS,smt
-215.060176,-22.57,0.0,top,MX48,,,SW_MX_HS_CPG151101S11_1u,MX_SW_HS,smt
-215.060176,-37.62,0.0,top,MX49,,,SW_MX_HS_CPG151101S11_1u,MX_SW_HS,smt
-283.660176,22.58,0.0,top,MX5,,,SW_MX_HS_CPG151101S11_1u,MX_SW_HS,smt
-215.060176,-52.67,0.0,top,MX50,,,SW_MX_HS_CPG151101S11_1u,MX_SW_HS,smt
-197.910176,82.78,0.0,top,MX51,,,SW_MX_HS_CPG151101S11_1u,MX_SW_HS,smt
-197.910176,67.73,0.0,top,MX52,,,SW_MX_HS_CPG151101S11_1u,MX_SW_HS,smt
-197.910176,52.68,0.0,top,MX53,,,SW_MX_HS_CPG151101S11_1u,MX_SW_HS,smt
-197.910176,37.63,0.0,top,MX54,,,SW_MX_HS_CPG151101S11_1u,MX_SW_HS,smt
-197.910176,22.58,0.0,top,MX55,,,SW_MX_HS_CPG151101S11_1u,MX_SW_HS,smt
-197.910176,7.53,0.0,top,MX56,,,SW_MX_HS_CPG151101S11_1u,MX_SW_HS,smt
-197.910176,-7.52,0.0,top,MX57,,,SW_MX_HS_CPG151101S11_1u,MX_SW_HS,smt
-197.910176,-22.57,0.0,top,MX58,,,SW_MX_HS_CPG151101S11_1u,MX_SW_HS,smt
-197.910176,-37.62,0.0,top,MX59,,,SW_MX_HS_CPG151101S11_1u,MX_SW_HS,smt
-283.660176,7.53,0.0,top,MX6,,,SW_MX_HS_CPG151101S11_1u,MX_SW_HS,smt
-197.910176,-52.67,0.0,top,MX60,,,SW_MX_HS_CPG151101S11_1u,MX_SW_HS,smt
-180.760176,82.78,0.0,top,MX61,,,SW_MX_HS_CPG151101S11_1u,MX_SW_HS,smt
-180.760176,67.73,0.0,top,MX62,,,SW_MX_HS_CPG151101S11_1u,MX_SW_HS,smt
-180.760176,52.68,0.0,top,MX63,,,SW_MX_HS_CPG151101S11_1u,MX_SW_HS,smt
-180.760176,37.63,0.0,top,MX64,,,SW_MX_HS_CPG151101S11_1u,MX_SW_HS,smt
-180.760176,22.58,0.0,top,MX65,,,SW_MX_HS_CPG151101S11_1u,MX_SW_HS,smt
-180.760176,7.53,0.0,top,MX66,,,SW_MX_HS_CPG151101S11_1u,MX_SW_HS,smt
-180.760176,-7.52,0.0,top,MX67,,,SW_MX_HS_CPG151101S11_1u,MX_SW_HS,smt
-180.760176,-22.57,0.0,top,MX68,,,SW_MX_HS_CPG151101S11_1u,MX_SW_HS,smt
-283.660176,-7.52,0.0,top,MX7,,,SW_MX_HS_CPG151101S11_1u,MX_SW_HS,smt
-283.660176,-22.57,0.0,top,MX8,,,SW_MX_HS_CPG151101S11_1u,MX_SW_HS,smt
-283.660176,-37.62,0.0,top,MX9,,,SW_MX_HS_CPG151101S11_1u,MX_SW_HS,smt
-101.075,86.505,0.0,top,S1,,None,SW_SSSS811101,SSSS811101,smt
-101.765,70.66,0.0,top,S6,,,EVQ-PUA02K,~,smt
