﻿pos_x,pos_y,rotation,side,designator,mpn,pack,footprint,value,mount_type
51.72,-49.8,90.0,bottom,D1,,,D_SOD-123,D,smt
223.17,-49.8,90.0,bottom,D10,,,D_SOD-123,D,smt
242.22,-49.8,90.0,bottom,D11,,,D_SOD-123,D,smt
261.27,-49.8,90.0,bottom,D12,,,D_SOD-123,D,smt
280.32,-49.8,90.0,bottom,D13,,,D_SOD-123,D,smt
308.895,-49.8,90.0,bottom,D14,,,D_SOD-123,D,smt
337.47,-49.8,90.0,bottom,D15,,,D_SOD-123,D,smt
56.4825,-68.85,90.0,bottom,D16,,,D_SOD-123,D,smt
80.295,-68.85,90.0,bottom,D17,,,D_SOD-123,D,smt
99.345,-68.85,90.0,bottom,D18,,,D_SOD-123,D,smt
118.395,-68.85,90.0,bottom,D19,,,D_SOD-123,D,smt
70.77,-49.8,90.0,bottom,D2,,,D_SOD-123,D,smt
137.445,-68.85,90.0,bottom,D20,,,D_SOD-123,D,smt
156.495,-68.85,90.0,bottom,D21,,,D_SOD-123,D,smt
175.545,-68.85,90.0,bottom,D22,,,D_SOD-123,D,smt
194.595,-68.85,90.0,bottom,D23,,,D_SOD-123,D,smt
213.645,-68.85,90.0,bottom,D24,,,D_SOD-123,D,smt
232.695,-68.85,90.0,bottom,D25,,,D_SOD-123,D,smt
251.745,-68.85,90.0,bottom,D26,,,D_SOD-123,D,smt
270.795,-68.85,90.0,bottom,D27,,,D_SOD-123,D,smt
289.845,-68.85,90.0,bottom,D28,,,D_SOD-123,D,smt
313.6575,-68.85,90.0,bottom,D29,,,D_SOD-123,D,smt
89.82,-49.8,90.0,bottom,D3,,,D_SOD-123,D,smt
337.47,-68.85,90.0,bottom,D30,,,D_SOD-123,D,smt
58.86375,-87.9,90.0,bottom,D31,,,D_SOD-123,D,smt
85.0575,-87.9,90.0,bottom,D32,,,D_SOD-123,D,smt
104.1075,-87.9,90.0,bottom,D33,,,D_SOD-123,D,smt
123.1575,-87.9,90.0,bottom,D34,,,D_SOD-123,D,smt
142.2075,-87.9,90.0,bottom,D35,,,D_SOD-123,D,smt
161.2575,-87.9,90.0,bottom,D36,,,D_SOD-123,D,smt
180.3075,-87.9,90.0,bottom,D37,,,D_SOD-123,D,smt
199.3575,-87.9,90.0,bottom,D38,,,D_SOD-123,D,smt
218.4075,-87.9,90.0,bottom,D39,,,D_SOD-123,D,smt
108.87,-49.8,90.0,bottom,D4,,,D_SOD-123,D,smt
237.4575,-87.9,90.0,bottom,D40,,,D_SOD-123,D,smt
256.5075,-87.9,90.0,bottom,D41,,,D_SOD-123,D,smt
275.5575,-87.9,90.0,bottom,D42,,,D_SOD-123,D,smt
306.51375,-87.9,90.0,bottom,D43,,,D_SOD-123,D,smt
337.47,-87.9,90.0,bottom,D44,,,D_SOD-123,D,smt
63.62625,-106.95,90.0,bottom,D45,,,D_SOD-123,D,smt
94.5825,-106.95,90.0,bottom,D46,,,D_SOD-123,D,smt
113.6325,-106.95,90.0,bottom,D47,,,D_SOD-123,D,smt
132.6825,-106.95,90.0,bottom,D48,,,D_SOD-123,D,smt
151.7325,-106.95,90.0,bottom,D49,,,D_SOD-123,D,smt
127.92,-49.8,90.0,bottom,D5,,,D_SOD-123,D,smt
170.7825,-106.95,90.0,bottom,D50,,,D_SOD-123,D,smt
189.8325,-106.95,90.0,bottom,D51,,,D_SOD-123,D,smt
208.8825,-106.95,90.0,bottom,D52,,,D_SOD-123,D,smt
227.9325,-106.95,90.0,bottom,D53,,,D_SOD-123,D,smt
246.9825,-106.95,90.0,bottom,D54,,,D_SOD-123,D,smt
266.0325,-106.95,90.0,bottom,D55,,,D_SOD-123,D,smt
292.22625,-106.95,90.0,bottom,D56,,,D_SOD-123,D,smt
318.42,-106.95,90.0,bottom,D57,,,D_SOD-123,D,smt
337.47,-106.95,90.0,bottom,D58,,,D_SOD-123,D,smt
54.10125,-126.0,90.0,bottom,D59,,,D_SOD-123,D,smt
146.97,-49.8,90.0,bottom,D6,,,D_SOD-123,D,smt
77.91375,-126.0,90.0,bottom,D60,,,D_SOD-123,D,smt
101.72625,-126.0,90.0,bottom,D61,,,D_SOD-123,D,smt
173.16375,-126.0,90.0,bottom,D62,,,D_SOD-123,D,smt
242.22,-126.0,90.0,bottom,D63,,,D_SOD-123,D,smt
261.27,-126.0,90.0,bottom,D64,,,D_SOD-123,D,smt
280.32,-126.0,90.0,bottom,D65,,,D_SOD-123,D,smt
299.37,-126.0,90.0,bottom,D66,,,D_SOD-123,D,smt
318.42,-126.0,90.0,bottom,D67,,,D_SOD-123,D,smt
337.47,-126.0,90.0,bottom,D68,,,D_SOD-123,D,smt
166.02,-49.8,90.0,bottom,D7,,,D_SOD-123,D,smt
185.07,-49.8,90.0,bottom,D8,,,D_SOD-123,D,smt
204.12,-49.8,90.0,bottom,D9,,,D_SOD-123,D,smt
48.1,-92.8,-90.0,bottom,J1,,None,JST_S2B-PH-K-S_LF__SN_,S2B-PH-K-S_LF__SN_,tht
48.52,-49.0,180.0,bottom,MX1,,,SW_MX_HS_CPG151101S11_1u,MX_SW_HS,smt
219.97,-49.0,180.0,bottom,MX10,,,SW_MX_HS_CPG151101S11_1u,MX_SW_HS,smt
239.02,-49.0,180.0,bottom,MX11,,,SW_MX_HS_CPG151101S11_1u,MX_SW_HS,smt
258.07,-49.0,180.0,bottom,MX12,,,SW_MX_HS_CPG151101S11_1u,MX_SW_HS,smt
277.12,-49.0,180.0,bottom,MX13,,,SW_MX_HS_CPG151101S11_1u,MX_SW_HS,smt
305.695,-49.0,180.0,bottom,MX14,,,SW_MX_HS_CPG151101S11_1u,MX_SW_HS,smt
334.27,-49.0,180.0,bottom,MX15,,,SW_MX_HS_CPG151101S11_1u,MX_SW_HS,smt
53.2825,-68.05,180.0,bottom,MX16,,,SW_MX_HS_CPG151101S11_1u,MX_SW_HS,smt
77.095,-68.05,180.0,bottom,MX17,,,SW_MX_HS_CPG151101S11_1u,MX_SW_HS,smt
96.145,-68.05,180.0,bottom,MX18,,,SW_MX_HS_CPG151101S11_1u,MX_SW_HS,smt
115.195,-68.05,180.0,bottom,MX19,,,SW_MX_HS_CPG151101S11_1u,MX_SW_HS,smt
67.57,-49.0,180.0,bottom,MX2,,,SW_MX_HS_CPG151101S11_1u,MX_SW_HS,smt
134.245,-68.05,180.0,bottom,MX20,,,SW_MX_HS_CPG151101S11_1u,MX_SW_HS,smt
153.295,-68.05,180.0,bottom,MX21,,,SW_MX_HS_CPG151101S11_1u,MX_SW_HS,smt
172.345,-68.05,180.0,bottom,MX22,,,SW_MX_HS_CPG151101S11_1u,MX_SW_HS,smt
191.395,-68.05,180.0,bottom,MX23,,,SW_MX_HS_CPG151101S11_1u,MX_SW_HS,smt
210.445,-68.05,180.0,bottom,MX24,,,SW_MX_HS_CPG151101S11_1u,MX_SW_HS,smt
229.495,-68.05,180.0,bottom,MX25,,,SW_MX_HS_CPG151101S11_1u,MX_SW_HS,smt
248.545,-68.05,180.0,bottom,MX26,,,SW_MX_HS_CPG151101S11_1u,MX_SW_HS,smt
267.595,-68.05,180.0,bottom,MX27,,,SW_MX_HS_CPG151101S11_1u,MX_SW_HS,smt
286.645,-68.05,180.0,bottom,MX28,,,SW_MX_HS_CPG151101S11_1u,MX_SW_HS,smt
310.4575,-68.05,180.0,bottom,MX29,,,SW_MX_HS_CPG151101S11_1u,MX_SW_HS,smt
86.62,-49.0,180.0,bottom,MX3,,,SW_MX_HS_CPG151101S11_1u,MX_SW_HS,smt
334.27,-68.05,180.0,bottom,MX30,,,SW_MX_HS_CPG151101S11_1u,MX_SW_HS,smt
55.66375,-87.1,180.0,bottom,MX31,,,SW_MX_HS_CPG151101S11_1u,MX_SW_HS,smt
81.8575,-87.1,180.0,bottom,MX32,,,SW_MX_HS_CPG151101S11_1u,MX_SW_HS,smt
100.9075,-87.1,180.0,bottom,MX33,,,SW_MX_HS_CPG151101S11_1u,MX_SW_HS,smt
119.9575,-87.1,180.0,bottom,MX34,,,SW_MX_HS_CPG151101S11_1u,MX_SW_HS,smt
139.0075,-87.1,180.0,bottom,MX35,,,SW_MX_HS_CPG151101S11_1u,MX_SW_HS,smt
158.0575,-87.1,180.0,bottom,MX36,,,SW_MX_HS_CPG151101S11_1u,MX_SW_HS,smt
177.1075,-87.1,180.0,bottom,MX37,,,SW_MX_HS_CPG151101S11_1u,MX_SW_HS,smt
196.1575,-87.1,180.0,bottom,MX38,,,SW_MX_HS_CPG151101S11_1u,MX_SW_HS,smt
215.2075,-87.1,180.0,bottom,MX39,,,SW_MX_HS_CPG151101S11_1u,MX_SW_HS,smt
105.67,-49.0,180.0,bottom,MX4,,,SW_MX_HS_CPG151101S11_1u,MX_SW_HS,smt
234.2575,-87.1,180.0,bottom,MX40,,,SW_MX_HS_CPG151101S11_1u,MX_SW_HS,smt
253.3075,-87.1,180.0,bottom,MX41,,,SW_MX_HS_CPG151101S11_1u,MX_SW_HS,smt
272.3575,-87.1,180.0,bottom,MX42,,,SW_MX_HS_CPG151101S11_1u,MX_SW_HS,smt
303.31375,-87.1,180.0,bottom,MX43,,,SW_MX_HS_CPG151101S11_1u,MX_SW_HS,smt
334.27,-87.1,180.0,bottom,MX44,,,SW_MX_HS_CPG151101S11_1u,MX_SW_HS,smt
60.42625,-106.15,180.0,bottom,MX45,,,SW_MX_HS_CPG151101S11_1u,MX_SW_HS,smt
91.3825,-106.15,180.0,bottom,MX46,,,SW_MX_HS_CPG151101S11_1u,MX_SW_HS,smt
110.4325,-106.15,180.0,bottom,MX47,,,SW_MX_HS_CPG151101S11_1u,MX_SW_HS,smt
129.4825,-106.15,180.0,bottom,MX48,,,SW_MX_HS_CPG151101S11_1u,MX_SW_HS,smt
148.5325,-106.15,180.0,bottom,MX49,,,SW_MX_HS_CPG151101S11_1u,MX_SW_HS,smt
124.72,-49.0,180.0,bottom,MX5,,,SW_MX_HS_CPG151101S11_1u,MX_SW_HS,smt
167.5825,-106.15,180.0,bottom,MX50,,,SW_MX_HS_CPG151101S11_1u,MX_SW_HS,smt
186.6325,-106.15,180.0,bottom,MX51,,,SW_MX_HS_CPG151101S11_1u,MX_SW_HS,smt
205.6825,-106.15,180.0,bottom,MX52,,,SW_MX_HS_CPG151101S11_1u,MX_SW_HS,smt
224.7325,-106.15,180.0,bottom,MX53,,,SW_MX_HS_CPG151101S11_1u,MX_SW_HS,smt
243.7825,-106.15,180.0,bottom,MX54,,,SW_MX_HS_CPG151101S11_1u,MX_SW_HS,smt
262.8325,-106.15,180.0,bottom,MX55,,,SW_MX_HS_CPG151101S11_1u,MX_SW_HS,smt
289.02625,-106.15,180.0,bottom,MX56,,,SW_MX_HS_CPG151101S11_1u,MX_SW_HS,smt
315.22,-106.15,180.0,bottom,MX57,,,SW_MX_HS_CPG151101S11_1u,MX_SW_HS,smt
334.27,-106.15,180.0,bottom,MX58,,,SW_MX_HS_CPG151101S11_1u,MX_SW_HS,smt
50.90125,-125.2,180.0,bottom,MX59,,,SW_MX_HS_CPG151101S11_1u,MX_SW_HS,smt
143.77,-49.0,180.0,bottom,MX6,,,SW_MX_HS_CPG151101S11_1u,MX_SW_HS,smt
74.71375,-125.2,180.0,bottom,MX60,,,SW_MX_HS_CPG151101S11_1u,MX_SW_HS,smt
98.52625,-125.2,180.0,bottom,MX61,,,SW_MX_HS_CPG151101S11_1u,MX_SW_HS,smt
169.96375,-125.2,180.0,bottom,MX62,,,SW_MX_HS_CPG151101S11_1u,MX_SW_HS,smt
239.02,-125.2,180.0,bottom,MX63,,,SW_MX_HS_CPG151101S11_1u,MX_SW_HS,smt
258.07,-125.2,180.0,bottom,MX64,,,SW_MX_HS_CPG151101S11_1u,MX_SW_HS,smt
277.12,-125.2,180.0,bottom,MX65,,,SW_MX_HS_CPG151101S11_1u,MX_SW_HS,smt
296.17,-125.2,180.0,bottom,MX66,,,SW_MX_HS_CPG151101S11_1u,MX_SW_HS,smt
315.22,-125.2,180.0,bottom,MX67,,,SW_MX_HS_CPG151101S11_1u,MX_SW_HS,smt
334.27,-125.2,180.0,bottom,MX68,,,SW_MX_HS_CPG151101S11_1u,MX_SW_HS,smt
162.82,-49.0,180.0,bottom,MX7,,,SW_MX_HS_CPG151101S11_1u,MX_SW_HS,smt
181.87,-49.0,180.0,bottom,MX8,,,SW_MX_HS_CPG151101S11_1u,MX_SW_HS,smt
200.92,-49.0,180.0,bottom,MX9,,,SW_MX_HS_CPG151101S11_1u,MX_SW_HS,smt
41.65,-91.2,90.0,bottom,S1,,None,SW_SSSS811101,SSSS811101,smt
41.55,-79.8,90.0,bottom,S6,,,EVQ-PUA02K,~,smt
