﻿Designator,Quantity,Value,Footprint,Package,MPN,DNP,Mount_Type,Description,Sim.Device,Sim.Pins,MF,MAXIMUM_PACKAGE_HEIGHT,PRICE,Check_prices,Price,SnapEDA_Link,MP,Description_1,Availability,AVAILABILITY,DESCRIPTION,STANDARD,PARTREV,MANUFACTURER
"D1, D10, D11, D12, D13, D14, D15, D16, D17, D18, D19, D2, D20, D21, D22, D23, D24, D25, D26, D27, D28, D29, D3, D30, D31, D32, D33, D34, D35, D36, D37, D38, D39, D4, D40, D41, D42, D43, D44, D45, D46, D47, D48, D49, D5, D50, D51, D52, D53, D54, D55, D56, D57, D58, D59, D6, D60, D61, D62, D63, D64, D65, D66, D67, D68, D7, D8, D9",68,D,D_SOD-123,,,,smt,Diode,D,1=K 2=A,,,,,,,,,,,,,,
J1,1,S2B-PH-K-S_LF__SN_,JST_S2B-PH-K-S_LF__SN_,None,,,tht,,,,JST Sales America Inc.,4.8mm,None,https://www.snapeda.com/parts/S2B-PH-K-S(LF)(SN)/JST/view-part/?ref=eda,None,https://www.snapeda.com/parts/S2B-PH-K-S(LF)(SN)/JST/view-part/?ref=snap,S2B-PH-K-S(LF)(SN),"
                        
                            Connector Header Through Hole, Right Angle 2 position
                        
",In Stock,Unavailable,"Connector Header Through Hole, Right Angle 2 position",,,
"MX1, MX10, MX11, MX12, MX13, MX14, MX15, MX16, MX17, MX18, MX19, MX2, MX20, MX21, MX22, MX23, MX24, MX25, MX26, MX27, MX28, MX29, MX3, MX30, MX31, MX32, MX33, MX34, MX35, MX36, MX37, MX38, MX39, MX4, MX40, MX41, MX42, MX43, MX44, MX45, MX46, MX47, MX48, MX49, MX5, MX50, MX51, MX52, MX53, MX54, MX55, MX56, MX57, MX58, MX59, MX6, MX60, MX61, MX62, MX63, MX64, MX65, MX66, MX67, MX68, MX7, MX8, MX9",68,MX_SW_HS,SW_MX_HS_CPG151101S11_1u,,,,smt,"Push button switch, normally open, two pins, 45° tilted, Kailh CPG151101S11 for Cherry MX style switches",,,,,,,,,,,,,,,,
S1,1,SSSS811101,SW_SSSS811101,None,,,smt,,,,ALPS,1.60 mm,,https://www.snapeda.com/parts/SSSS811101/ALPS/view-part/?ref=eda,None,https://www.snapeda.com/parts/SSSS811101/ALPS/view-part/?ref=snap,SSSS811101,"
                        
                            Switch Slide SP Side Slide 0.3A 5VDC 10000Cycles Gull Wing SMD T/R
                        
",In Stock,,,Manufacturer Recommendations,N/A,ALPS
S2,1,MX_stab_back,STAB_MX_2u,,,,tht,Cherry MX-style stabilizer,,,,,,,,,,,,,,,,
S3,1,MX_stab_enter,STAB_MX_2.25u,,,,tht,Cherry MX-style stabilizer,,,,,,,,,,,,,,,,
S4,1,MX_stab_shift,STAB_MX_2.25u,,,,tht,Cherry MX-style stabilizer,,,,,,,,,,,,,,,,
S5,1,MX_stab_space,STAB_MX_P_6.25u,,,,tht,Cherry MX-style stabilizer,,,,,,,,,,,,,,,,
S6,1,~,EVQ-PUA02K,,,,smt,,,,,,,,,,,,,,,,,
